date,action,ticker,price,qty,pnl_gbp,reason,held_days
2026-05-04,BUY,NVDA,198.48,0.006399,0.0,Score 6/7,0
2026-05-04,BUY,ABNB,138.86,0.009146,0.0,Score 6/7,0
2026-05-04,BUY,GS,903.27,0.001406,0.0,Score 6/7,0
2026-05-04,BUY,MS,188.01,0.006755,0.0,Score 6/7,0
2026-05-04,BUY,USB,55.24,0.022991,0.0,Score 6/7,0
2026-05-04,BUY,PNC,218.04,0.005825,0.0,Score 6/7,0
2026-05-04,BUY,TFC,49.48,0.025667,0.0,Score 6/7,0
2026-05-04,BUY,COP,124.91,0.010167,0.0,Score 6/7,0
2026-05-04,BUY,OXY,60.27,0.021072,0.0,Score 6/7,0
2026-05-04,BUY,VLO,251.63,0.005047,0.0,Score 6/7,0
2026-05-06,SELL,COP,118.9,0.010167,-0.0481,STOP LOSS -4.81%,2
2026-05-06,SELL,OXY,55.12,0.021072,-0.0854,STOP LOSS -8.54%,2
2026-05-06,SELL,VLO,236.69,0.005047,-0.0594,STOP LOSS -5.94%,2
2026-05-06,BUY,AVGO,425.44,0.002985,0.0,Score 6/7,0
2026-05-06,BUY,ANET,147.06,0.008636,0.0,Score 6/7,0
2026-05-06,BUY,GM,78.7,0.016137,0.0,Score 6/7,0
2026-05-07,SELL,AVGO,412.56,0.002985,-0.0303,STOP LOSS -3.03%,1
2026-05-07,SELL,ANET,141.75,0.008636,-0.0361,STOP LOSS -3.61%,1
2026-05-07,BUY,AVGO,412.56,0.003078,0.0,Score 6/7,0
2026-05-07,BUY,ROKU,126.67,0.010026,0.0,Score 6/7,0
2026-05-08,SELL,NVDA,215.2,0.006399,0.0842,TAKE PROFIT 8.42%,4
2026-05-08,BUY,NVDA,215.2,0.005901,0.0,Score 6/7,0
2026-05-11,SELL,TFC,47.97,0.025667,-0.0305,STOP LOSS -3.05%,7
2026-05-11,SELL,GM,75.29,0.016137,-0.0433,STOP LOSS -4.33%,5
2026-05-11,BUY,SLB,54.93,0.02312,0.0,Score 6/7,0
2026-05-11,BUY,VLO,248.13,0.005118,0.0,Score 6/7,0
2026-05-13,SELL,ABNB,132.97,0.009146,-0.0424,STOP LOSS -4.24%,9
2026-05-13,SELL,USB,52.74,0.022991,-0.0453,STOP LOSS -4.53%,9
2026-05-13,SELL,PNC,209.86,0.005825,-0.0375,STOP LOSS -3.75%,9
2026-05-13,BUY,PSX,171.82,0.007391,0.0,Score 6/7,0
2026-05-13,BUY,HAL,41.02,0.030961,0.0,Score 6/7,0
2026-05-13,BUY,BKR,65.41,0.019416,0.0,Score 6/7,0
2026-05-14,SELL,NVDA,235.74,0.005901,0.0954,TAKE PROFIT 9.54%,6
2026-05-14,BUY,AMZN,267.22,0.004753,0.0,Score 6/7,0
2026-05-19,SELL,ROKU,120.58,0.010026,-0.0481,STOP LOSS -4.81%,12
2026-05-19,BUY,NVDA,220.61,0.005757,0.0,Score 6/7,0
2026-05-20,SELL,GS,982.12,0.001406,0.0873,TAKE PROFIT 8.73%,16
2026-05-20,BUY,GOOG,384.9,0.0033,0.0,Score 6/7,0
2026-05-27,SELL,VLO,240.34,0.005118,-0.0314,STOP LOSS -3.14%,16
2026-05-27,SELL,HAL,39.6,0.030961,-0.0346,STOP LOSS -3.46%,14
2026-05-27,SELL,BKR,63.2,0.019416,-0.0338,STOP LOSS -3.38%,14
2026-05-27,SELL,NVDA,212.6,0.005757,-0.0363,STOP LOSS -3.63%,8
2026-05-27,BUY,GOOGL,388.83,0.003266,0.0,Score 6/7,0
2026-05-27,BUY,NVDA,212.6,0.005974,0.0,Score 6/7,0
2026-05-27,BUY,ANET,154.31,0.00823,0.0,Score 6/7,0
2026-05-27,BUY,ROKU,131.91,0.009628,0.0,Score 6/7,0
2026-05-28,SELL,MS,203.79,0.006755,0.0839,TAKE PROFIT 8.39%,24
2026-05-28,BUY,GM,84.35,0.015056,0.0,Score 6/7,0
2026-05-29,SELL,AVGO,446.77,0.003078,0.0829,TAKE PROFIT 8.29%,22
2026-05-29,BUY,AVGO,446.77,0.002843,0.0,Score 6/7,0
2026-06-01,SELL,GOOG,372.58,0.0033,-0.032,STOP LOSS -3.20%,12
2026-06-01,SELL,GOOGL,376.37,0.003266,-0.032,STOP LOSS -3.20%,5
2026-06-01,SELL,ANET,170.68,0.00823,0.1061,TAKE PROFIT 10.61%,5
2026-06-01,BUY,ZM,111.62,0.011378,0.0,Score 6/7,0
2026-06-01,BUY,ABNB,137.87,0.009212,0.0,Score 6/7,0
2026-06-01,BUY,C,129.09,0.009838,0.0,Score 6/7,0
2026-06-02,SELL,AMZN,256.52,0.004753,-0.04,STOP LOSS -4.00%,19
2026-06-02,SELL,ROKU,127.12,0.009628,-0.0363,STOP LOSS -3.63%,6
2026-06-02,SELL,GM,81.73,0.015056,-0.0311,STOP LOSS -3.11%,5
2026-06-02,BUY,AMZN,256.52,0.004951,0.0,Score 6/7,0
2026-06-02,BUY,ROKU,127.12,0.009991,0.0,Score 6/7,0
2026-06-02,BUY,GM,81.73,0.015539,0.0,Score 6/7,0
2026-06-03,SELL,ZM,106.2,0.011378,-0.0486,STOP LOSS -4.86%,2
2026-06-03,SELL,ABNB,133.59,0.009212,-0.031,STOP LOSS -3.10%,2
2026-06-03,SELL,ROKU,122.2,0.009991,-0.0387,STOP LOSS -3.87%,1
2026-06-03,BUY,AAPL,310.26,0.004093,0.0,Score 6/7,0
2026-06-03,BUY,ROKU,122.2,0.010393,0.0,Score 6/7,0
2026-06-03,BUY,ZM,106.2,0.011959,0.0,Score 6/7,0
2026-06-04,SELL,AVGO,418.91,0.002843,-0.0624,STOP LOSS -6.24%,6
2026-06-04,BUY,AVGO,418.91,0.003032,0.0,Score 6/7,0
2026-06-05,SELL,NVDA,205.1,0.005974,-0.0353,STOP LOSS -3.53%,9
2026-06-05,SELL,AMZN,246.03,0.004951,-0.0409,STOP LOSS -4.09%,3
2026-06-05,SELL,ZM,101.62,0.011959,-0.0431,STOP LOSS -4.31%,2
2026-06-05,SELL,AVGO,385.73,0.003032,-0.0792,STOP LOSS -7.92%,1
2026-06-05,BUY,ANET,154.27,0.008232,0.0,Score 6/7,0
2026-06-05,BUY,PANW,272.05,0.004668,0.0,Score 6/7,0
2026-06-05,BUY,DDOG,234.11,0.005425,0.0,Score 6/7,0
2026-06-05,BUY,CRWD,671.02,0.001893,0.0,Score 6/7,0
2026-06-08,SELL,GM,83.77,0.015539,0.025,OVERBOUGHT RSI 77.9,6
2026-06-08,BUY,TWLO,212.54,0.005975,0.0,Score 6/7,0
2026-06-09,SELL,C,134.73,0.009838,0.0437,OVERBOUGHT RSI 76.9,8
2026-06-09,SELL,AAPL,290.55,0.004093,-0.0635,STOP LOSS -6.35%,6
2026-06-09,SELL,PANW,260.52,0.004668,-0.0424,STOP LOSS -4.24%,4
2026-06-09,SELL,CRWD,644.93,0.001893,-0.0389,STOP LOSS -3.89%,4
2026-06-09,SELL,TWLO,204.69,0.005975,-0.0369,STOP LOSS -3.69%,1
2026-06-09,BUY,NVDA,208.19,0.0061,0.0,Score 6/7,0
2026-06-09,BUY,AAPL,290.55,0.004371,0.0,Score 6/7,0
2026-06-09,BUY,PANW,260.52,0.004875,0.0,Score 6/7,0
2026-06-09,BUY,CRWD,644.93,0.001969,0.0,Score 6/7,0
2026-06-09,BUY,TWLO,204.69,0.006205,0.0,Score 6/7,0
2026-06-10,SELL,ROKU,116.94,0.010393,-0.043,STOP LOSS -4.30%,7
2026-06-10,SELL,NVDA,200.42,0.0061,-0.0373,STOP LOSS -3.73%,1
2026-06-10,BUY,F,14.3,0.088811,0.0,Score 6/7,0
2026-06-10,BUY,GM,79.4,0.015995,0.0,Score 6/7,0
2026-06-15,SELL,ANET,169.09,0.008232,0.0961,TAKE PROFIT 9.61%,10
2026-06-15,SELL,PANW,284.54,0.004875,0.0922,TAKE PROFIT 9.22%,6
2026-06-15,BUY,NVDA,212.45,0.005978,0.0,Score 6/7,0
2026-06-15,BUY,ANET,169.09,0.007511,0.0,Score 6/7,0
2026-06-15,SELL (end),SLB,53.71,0.02312,-0.0222,Simulation ended,35
2026-06-15,SELL (end),PSX,173.26,0.007391,0.0084,Simulation ended,33
2026-06-15,SELL (end),DDOG,233.09,0.005425,-0.0044,Simulation ended,10
2026-06-15,SELL (end),AAPL,296.42,0.004371,0.0202,Simulation ended,6
2026-06-15,SELL (end),CRWD,692.91,0.001969,0.0744,Simulation ended,6
2026-06-15,SELL (end),TWLO,202.0,0.006205,-0.0131,Simulation ended,6
2026-06-15,SELL (end),F,14.77,0.088811,0.0329,Simulation ended,5
2026-06-15,SELL (end),GM,84.07,0.015995,0.0588,Simulation ended,5
2026-06-15,SELL (end),NVDA,212.45,0.005978,0.0,Simulation ended,0
2026-06-15,SELL (end),ANET,169.09,0.007511,0.0,Simulation ended,0
