date,symbol,ma200,ma150,ma50,latest price,latest volume
20240618,NVDA,-1,-1,-1,230334735.0,134.269
20240620,NVDA,-1,-1,-1,377927010.0,135.089
20240621,NVDA,-1,-1,-1,324491295.0,127.146
20240624,NVDA,-1,-1,-1,342585677.0,120.542
20240625,NVDA,-1,-1,-1,310612679.0,123.532
20240626,NVDA,-1,-1,-1,256536932.0,124.827
20240627,NVDA,-1,-1,-1,182568928.0,124.309
20240628,NVDA,-1,-1,-1,227551840.0,125.034
20240701,NVDA,-1,-1,-1,226458340.0,122.637
20240702,NVDA,-1,-1,-1,164103360.0,122.217
20240703,NVDA,-1,-1,-1,164203109.0,125.008
20240705,NVDA,-1,-1,-1,158243237.0,127.14
20240708,NVDA,-1,-1,-1,183746739.0,128.685
20240709,NVDA,-1,-1,-1,225077441.0,131.409
20240710,NVDA,-1,-1,-1,177365584.0,134.131
20240711,NVDA,-1,-1,-1,273472507.0,130.152
20240712,NVDA,-1,-1,-1,195434732.0,130.052
20240715,NVDA,-1,-1,-1,158914765.0,128.823
20240716,NVDA,-1,-1,-1,160599187.0,126.266
20240717,NVDA,-1,-1,-1,283250700.0,118.982
20240718,NVDA,-1,-1,-1,247559326.0,119.679
20240719,NVDA,-1,-1,-1,152848409.0,119.094
20240722,NVDA,-1,-1,-1,189117939.0,122.342
20240723,NVDA,-1,-1,-1,129757316.0,123.341
20240724,NVDA,-1,-1,-1,227793220.0,116.608
20240725,NVDA,-1,-1,-1,353202854.0,112.828
20240726,NVDA,-1,-1,-1,212467501.0,113.496
20240729,NVDA,-1,-1,-1,192366489.0,113.28
20240730,NVDA,-1,-1,-1,368614125.0,105.818
20240731,NVDA,-1,-1,-1,337444533.0,115.303
20240801,NVDA,-1,-1,-1,404099947.0,112.083
20240802,NVDA,-1,-1,-1,350883122.0,105.351
20240805,NVDA,-1,-1,-1,372866758.0,99.637
20240806,NVDA,-1,-1,-1,296449466.0,105.092
20240807,NVDA,-1,-1,-1,313543181.0,103.285
20240808,NVDA,-1,-1,-1,299731923.0,102.796
20240809,NVDA,-1,-1,-1,231405373.0,104.84
20240812,NVDA,-1,-1,-1,264846865.0,109.227
20240813,NVDA,-1,-1,-1,233556044.0,114.485
20240814,NVDA,-1,-1,-1,265427667.0,116.72
20240815,NVDA,-1,-1,-1,242705443.0,121.433
20240816,NVDA,-1,-1,-1,225841101.0,123.707
20240819,NVDA,-1,-1,-1,249056904.0,126.917
20240820,NVDA,-1,-1,-1,236168118.0,127.838
20240821,NVDA,-1,-1,-1,207680846.0,128.115
20240822,NVDA,-1,-1,-1,292836587.0,126.489
20240823,NVDA,-1,-1,-1,245821872.0,128.035
20240826,NVDA,-1,-1,-1,257293117.0,127.241
20240827,NVDA,-1,-1,-1,234391274.0,127.634
20240828,NVDA,-1,-1,120.6572,301759834.0,125.652
20240829,NVDA,-1,-1,120.2974,325743273.0,120.595
20240830,NVDA,-1,-1,120.0692,247252900.0,119.102
20240903,NVDA,-1,-1,119.6978,353878209.0,110.529
20240904,NVDA,-1,-1,119.4598,300265583.0,107.433
20240905,NVDA,-1,-1,119.0822,236896049.0,107.518
20240906,NVDA,-1,-1,118.6108,307106247.0,103.297
20240909,NVDA,-1,-1,118.2604,207564871.0,105.334
20240910,NVDA,-1,-1,117.9516,211500638.0,106.946
20240911,NVDA,-1,-1,117.8038,350983556.0,112.282
20240912,NVDA,-1,-1,117.7332,288861633.0,118.949
20240913,NVDA,-1,-1,117.5496,185856246.0,118.984
20240916,NVDA,-1,-1,117.3686,188907194.0,116.491
20240917,NVDA,-1,-1,117.1164,182258328.0,116.625
20240918,NVDA,-1,-1,116.7562,238193758.0,115.229
20240919,NVDA,-1,-1,116.4154,215714327.0,118.695
20240920,NVDA,-1,-1,116.1874,203036789.0,116.656
20240923,NVDA,-1,-1,115.9278,154285261.0,115.948
20240924,NVDA,-1,-1,115.7764,276243546.0,119.484
20240925,NVDA,-1,-1,115.7194,222264093.0,123.641
20240926,NVDA,-1,-1,115.8404,235250692.0,124.542
20240927,NVDA,-1,-1,115.8466,209568257.0,121.065
20240930,NVDA,-1,-1,115.9168,167541402.0,120.267
20241001,NVDA,-1,-1,115.786,230126625.0,117.939
20241002,NVDA,-1,-1,115.7112,157181787.0,118.14
20241003,NVDA,-1,-1,115.8832,223461350.0,122.671
20241004,NVDA,-1,-1,116.136,190211058.0,123.895
20241007,NVDA,-1,-1,116.4292,277105046.0,128.233
20241008,NVDA,-1,-1,116.8552,224616431.0,131.93
20241009,NVDA,-1,-1,117.4336,196383266.0,132.703
20241010,NVDA,-1,-1,117.7894,193379120.0,133.939
20241011,NVDA,-1,-1,118.3012,133037375.0,134.868
20241014,NVDA,-1,-1,118.9172,176063369.0,138.482
20241015,NVDA,-1,-1,119.5402,294111838.0,132.412
20241016,NVDA,-1,-1,120.1696,210104609.0,134.436
20241017,NVDA,-1,-1,120.93,233918361.0,139.047
20241018,NVDA,-1,-1,121.5906,133009527.0,138.107
20241021,NVDA,-1,-1,122.3698,201273741.0,141.3
20241022,NVDA,-1,-1,123.0612,172755119.0,143.3
20241023,NVDA,-1,-1,123.5296,224351321.0,139.674
20241024,NVDA,-1,-1,123.9762,131692390.0,139.917
20241025,NVDA,-1,-1,124.3498,161020122.0,142.655
20241028,NVDA,-1,-1,124.6686,129589069.0,141.179
20241029,NVDA,-1,-1,124.8936,115322871.0,140.995
20241030,NVDA,-1,-1,125.1354,122359509.0,139.309
20241031,NVDA,-1,-1,125.2206,191689995.0,133.785
20241101,NVDA,-1,-1,125.4538,142065755.0,136.007
20241104,NVDA,-1,-1,125.5874,141734812.0,137.509
20241105,NVDA,-1,-1,125.8564,120425915.0,139.296
20241106,NVDA,-1,-1,126.2026,172489939.0,144.656
20241107,NVDA,-1,-1,126.668,139426415.0,147.939
20241108,NVDA,-1,-1,127.2688,122144524.0,147.665
20241111,NVDA,-1,-1,127.7866,131553254.0,145.486
20241112,NVDA,-1,-1,128.5924,140068306.0,148.05
20241113,NVDA,-1,-1,129.3936,122582068.0,147.247
20241114,NVDA,-1,-1,130.1846,136843725.0,147.437
20241115,NVDA,-1,-1,130.9676,166654819.0,142.228
20241118,NVDA,-1,-1,131.6412,143242337.0,139.63
20241119,NVDA,-1,-1,132.4194,158331449.0,144.399
20241120,NVDA,-1,-1,132.999,193781103.0,144.883
20241121,NVDA,-1,-1,133.5496,295583557.0,145.871
20241122,NVDA,-1,-1,134.0066,176953644.0,142.928
20241125,NVDA,-1,-1,134.3914,195569655.0,137.574
20241126,NVDA,-1,-1,134.818,135080324.0,137.028
20241127,NVDA,-1,-1,135.2574,162940567.0,133.509
20241129,NVDA,-1,-1,135.665,92711678.0,138.314
20241202,NVDA,-1,-1,136.1176,114183781.0,139.026
20241203,NVDA,-1,-1,136.5976,107666671.0,139.305
20241204,NVDA,-1,-1,137.083,168547008.0,143.563
20241205,NVDA,-1,-1,137.514,121408823.0,145.26
20241206,NVDA,-1,-1,137.882,129455030.0,143.103
20241209,NVDA,-1,-1,138.2302,122065235.0,138.661
20241210,NVDA,-1,-1,138.5028,146259025.0,137.368
20241211,NVDA,-1,-1,138.949,127827516.0,138.057
20241212,NVDA,-1,-1,139.3188,109971750.0,137.161
20241213,NVDA,-1,-1,139.5468,165950728.0,135.0
20241216,NVDA,-1,-1,139.6884,164201559.0,131.705
20241217,NVDA,-1,-1,139.7418,174337849.0,129.135
20241218,NVDA,-1,-1,139.6622,180031206.0,133.89
20241219,NVDA,-1,-1,139.6228,142102747.0,131.627
20241220,NVDA,-1,-1,139.6206,161062294.0,132.797
20241223,NVDA,-1,-1,139.718,127968055.0,137.861
20241224,NVDA,-1,-1,139.761,74628628.0,140.799
20241226,NVDA,-1,-1,139.9276,87519447.0,139.576
20241227,NVDA,-1,-1,139.9534,125583694.0,136.321
20241230,NVDA,-1,-1,139.9646,127371436.0,138.088
20241231,NVDA,-1,-1,139.8904,115156351.0,135.598
20250102,NVDA,-1,-1,139.7824,142570104.0,137.078
20250103,NVDA,-1,-1,139.8,163121666.0,143.493
20250106,NVDA,-1,-1,139.9974,182174466.0,150.472
20250107,NVDA,-1,-1,139.992,253529518.0,143.786
20250108,NVDA,-1,-1,139.9634,159495609.0,140.726
20250110,NVDA,-1,-1,139.8712,141108676.0,135.82
20250113,NVDA,-1,-1,139.7108,135472566.0,131.846
20250114,NVDA,-1,-1,139.5592,142804980.0,132.209
20250115,NVDA,-1,-1,139.6288,129791984.0,134.642
20250116,NVDA,-1,-1,139.5922,138128308.0,135.891
20250117,NVDA,-1,-1,139.6254,129708716.0,137.388
20250121,NVDA,-1,-1,139.6438,123205376.0,139.905
20250122,NVDA,-1,-1,139.673,161569144.0,146.564
20250123,NVDA,-1,128.9883,139.6398,108630781.0,145.734
20250124,NVDA,-1,129.0353,139.5396,165302763.0,144.586
20250127,NVDA,-1,128.9529,139.0028,530229066.0,120.864
20250128,NVDA,-1,128.969,138.6168,428358545.0,123.418
20250129,NVDA,-1,129.0063,138.1654,293373027.0,122.949
20250130,NVDA,-1,128.9967,137.7232,271117385.0,121.068
20250131,NVDA,-1,128.9545,137.285,266006576.0,124.019
20250203,NVDA,-1,128.9056,136.8152,257127808.0,116.062
20250204,NVDA,-1,128.873,136.248,173897809.0,119.139
20250205,NVDA,-1,128.8765,135.8268,188492617.0,123.173
20250206,NVDA,-1,128.9166,135.467,181604096.0,127.25
20250207,NVDA,-1,128.927,135.2248,170048558.0,129.039
20250210,NVDA,-1,128.9786,135.1758,155348507.0,133.845
20250211,NVDA,-1,129.0093,135.0934,134247258.0,133.203
20250212,NVDA,-1,129.0077,135.0094,113737337.0,131.137
20250213,NVDA,-1,129.0102,134.9502,146069560.0,134.707
20250214,NVDA,-1,129.0865,134.9546,143820083.0,137.429
20250218,NVDA,-1,129.1543,134.9374,154413166.0,140.553
20250219,NVDA,-1,129.2262,134.8192,122174617.0,139.685
20250220,NVDA,-1,129.3179,134.7202,105154896.0,139.023
20250221,NVDA,-1,129.4275,134.56,156604171.0,137.633
20250224,NVDA,-1,129.4887,134.3894,169028116.0,133.828
20250225,NVDA,-1,129.5467,134.2206,191663180.0,127.533
20250226,NVDA,-1,129.5983,134.06,199140973.0,131.052
20250227,NVDA,-1,129.5821,133.7162,310953361.0,126.212
20250228,NVDA,-1,129.6532,133.5296,251350823.0,120.977
20250303,NVDA,-1,129.6651,133.1708,304500318.0,117.013
20250304,NVDA,-1,129.6846,132.8828,283780609.0,114.717
20250305,NVDA,-1,129.7227,132.6506,200065127.0,116.505
20250306,NVDA,-1,129.7683,132.2484,224010992.0,112.392
20250307,NVDA,-1,129.7394,131.8082,258882145.0,110.943
20250310,NVDA,-1,129.7245,131.1544,269307262.0,107.68
20250311,NVDA,-1,129.7345,130.5252,260992294.0,108.999
20250312,NVDA,-1,129.8364,130.0414,238311139.0,115.184
20250313,NVDA,-1,129.9119,129.6128,224187954.0,116.064
20250314,NVDA,-1,130.0637,129.2964,200065728.0,120.473
20250317,NVDA,-1,130.1607,129.0012,192397372.0,120.076
20250318,NVDA,-1,130.2319,128.5436,223411019.0,116.541
20250319,NVDA,-1,130.2886,128.0046,202741518.0,117.926
20250320,NVDA,-1,130.3045,127.3866,170622598.0,118.707
20250321,NVDA,-1,130.302,126.9378,165033149.0,116.844
20250324,NVDA,-1,130.2923,126.5638,149033671.0,121.215
20250325,NVDA,-1,130.2664,126.2594,123158130.0,120.298
20250326,NVDA,-1,130.1581,125.87,220878850.0,114.78
20250327,NVDA,-1,130.0527,125.4634,168787872.0,112.432
20250328,NVDA,-1,129.9271,124.932,168954116.0,110.16
20250331,NVDA,-1,129.8247,124.4282,205996921.0,105.833
20250401,NVDA,-1,129.6966,123.877,163689455.0,108.463
20250402,NVDA,-1,129.5897,123.2688,154366201.0,109.741
20250403,NVDA,-1,129.413,122.3634,240836533.0,103.492
20250404,NVDA,127.0675,129.2043,121.3052,373130000.0,95.235
20250407,NVDA,126.8778,129.0713,120.4056,434484290.0,95.129
20250408,NVDA,126.7054,128.9175,119.9632,349360178.0,101.238
20250409,NVDA,126.6442,128.9597,119.67,431005014.0,106.153
20250410,NVDA,126.5916,128.9688,119.3474,320786915.0,107.525
20250411,NVDA,126.5158,128.9936,119.073,228867379.0,109.746
20250414,NVDA,126.4373,129.0461,118.8858,194005991.0,111.515
20250415,NVDA,126.3783,129.0843,118.7966,160416362.0,112.166
20250416,NVDA,126.2831,129.0603,118.5134,283739077.0,103.717
20250417,NVDA,126.1691,128.9575,118.0466,227874919.0,101.527
20250421,NVDA,126.0403,128.8093,117.4112,193607618.0,96.343
20250422,NVDA,125.8933,128.6745,116.7922,173367412.0,98.654
20250423,NVDA,125.7777,128.5807,116.175,174026787.0,103.545
20250424,NVDA,125.6689,128.5197,115.6476,153070523.0,105.44
20250425,NVDA,125.567,128.5039,115.245,191454295.0,109.484
20250428,NVDA,125.4361,128.443,114.7138,150002768.0,107.869
20250429,NVDA,125.3442,128.3965,114.1172,128526226.0,109.018
20250430,NVDA,125.2426,128.3475,113.5076,146120446.0,106.434
20250501,NVDA,125.1584,128.2858,112.9552,168947169.0,113.303
20250502,NVDA,125.0992,128.2257,112.443,135853495.0,114.42
20250505,NVDA,125.0783,128.1576,112.0308,93143664.0,113.831
20250506,NVDA,125.0405,128.1052,111.696,113672254.0,112.87
20250507,NVDA,125.0362,128.076,111.5046,150000341.0,114.403
20250508,NVDA,125.0053,128.0785,111.2264,143441827.0,117.58
20250509,NVDA,124.9757,128.0638,111.1564,101968603.0,116.684
20250512,NVDA,125.0194,128.0648,111.118,154612980.0,122.013
20250513,NVDA,125.1076,128.0982,111.4354,230058113.0,129.258
20250514,NVDA,125.2191,128.149,111.8224,190607789.0,134.025
20250515,NVDA,125.3353,128.1619,112.173,162674196.0,134.505
20250516,NVDA,125.4936,128.1803,112.6696,150854119.0,135.241
20250519,NVDA,125.5863,128.1853,113.1272,132795804.0,134.855
20250520,NVDA,125.7122,128.1825,113.6752,117500792.0,133.733
20250521,NVDA,125.8349,128.1407,114.136,203095032.0,134.161
20250522,NVDA,125.9967,128.1489,114.4778,137199061.0,133.185
20250523,NVDA,126.132,128.1194,114.792,141358395.0,131.151
20250527,NVDA,126.3149,128.1099,115.0686,139565655.0,134.967
20250528,NVDA,126.4641,128.0886,115.3742,178599928.0,135.941
20250529,NVDA,126.6363,128.0585,115.8494,268663030.0,140.624
20250530,NVDA,126.7668,128.0021,116.2016,212987664.0,135.517
20250602,NVDA,126.8731,127.9875,116.5786,129841182.0,137.036
20250603,NVDA,126.9887,127.9929,117.049,158356046.0,140.912
20250604,NVDA,127.0841,127.9955,117.4592,118991196.0,141.224
20250605,NVDA,127.1611,127.9919,117.8452,157398801.0,141.61
20250606,NVDA,127.2197,127.9951,118.4044,110234161.0,142.243
20250609,NVDA,127.2966,128.017,119.0284,133169356.0,143.289
20250610,NVDA,127.3739,128.0917,119.7142,104457426.0,142.951
20250611,NVDA,127.4693,128.1412,120.4032,117159765.0,143.516
20250612,NVDA,127.5475,128.2009,121.1002,117944639.0,144.279
20250613,NVDA,127.625,128.2146,121.7312,124352169.0,142.346
20250616,NVDA,127.707,128.2085,122.589,130365330.0,144.96
20250617,NVDA,127.7995,128.1767,123.5852,96271764.0,144.551
20250618,NVDA,127.939,128.1624,124.542,113312864.0,144.907
20250620,NVDA,128.0614,128.153,125.493,135342692.0,144.43
20250623,NVDA,128.2423,128.1255,126.0898,106361231.0,143.736
20250624,NVDA,128.4507,128.1364,126.8964,116940274.0,147.078
20250625,NVDA,128.6862,128.1867,127.764,191731867.0,152.432
20250626,NVDA,128.9471,128.2737,128.6502,139038894.0,155.568
20250627,NVDA,129.2036,128.391,129.5612,154504616.0,157.023
20250630,NVDA,129.453,128.4642,130.6312,115600342.0,157.519
20250701,NVDA,129.635,128.5136,131.6674,155514563.0,153.974
20250702,NVDA,129.8255,128.5841,132.8742,121044168.0,156.315
20250703,NVDA,130.0267,128.7001,134.0832,97870784.0,159.424
20250707,NVDA,130.234,128.8482,135.1938,96567997.0,158.329
20250708,NVDA,130.4561,129.0021,136.2652,96926302.0,159.38
20250709,NVDA,130.7036,129.1857,137.3026,125696841.0,163.155
20250710,NVDA,130.9348,129.358,138.41,119231559.0,163.278
20250711,NVDA,131.1793,129.5333,139.528,143530803.0,166.113
20250714,NVDA,131.4184,129.692,140.631,100794925.0,164.264
20250715,NVDA,131.6676,129.8624,141.8128,157378091.0,170.905
20250716,NVDA,131.9068,130.0378,142.9502,114175840.0,170.511
20250717,NVDA,132.1517,130.2415,144.1338,113765774.0,173.049
20250718,NVDA,132.4067,130.4655,145.3112,95796304.0,172.489
20250721,NVDA,132.6564,130.7076,146.3976,81541879.0,172.364
20250722,NVDA,132.9066,130.8924,147.3908,133303743.0,167.46
20250723,NVDA,133.1662,131.1153,148.4734,105426301.0,169.614
20250724,NVDA,133.4206,131.3786,149.4882,90664079.0,172.934
20250725,NVDA,133.6635,131.6553,150.3596,86618552.0,173.903
20250728,NVDA,133.9087,131.9643,151.1878,92733182.0,175.298
20250729,NVDA,134.1218,132.275,152.0014,108418702.0,177.106
20250730,NVDA,134.3549,132.5989,152.8788,116908971.0,178.652
20250731,NVDA,134.5702,132.8867,153.7248,151674959.0,179.827
20250801,NVDA,134.7648,133.1137,154.5116,143833660.0,173.898
20250804,NVDA,134.9744,133.3789,155.4756,99842514.0,178.136
20250805,NVDA,135.2078,133.6345,156.3842,114447587.0,178.137
20250806,NVDA,135.4263,133.9172,157.3468,93887055.0,178.4
20250807,NVDA,135.6455,134.2057,158.2522,112935517.0,181.35
20250808,NVDA,135.869,134.5285,159.21,90418444.0,182.395
20250811,NVDA,136.0607,134.8201,160.0674,97923132.0,182.669
20250812,NVDA,136.2585,135.0781,161.028,99217459.0,181.901
20250813,NVDA,136.4687,135.2925,161.9122,122651780.0,181.328
20250814,NVDA,136.6767,135.5717,162.7282,91449736.0,181.781
20250815,NVDA,136.8713,135.8406,163.4988,107612675.0,179.832
20250818,NVDA,137.0788,136.1479,164.3392,94742297.0,181.863
20250819,NVDA,137.2507,136.4307,165.0176,134317907.0,177.978
20250820,NVDA,137.431,136.7216,165.673,153369771.0,172.33
20250821,NVDA,137.6421,136.9799,166.2934,95966304.0,175.123
20250822,NVDA,137.8551,137.276,166.9966,127276016.0,176.779
20250825,NVDA,138.0738,137.5567,167.6928,116831723.0,180.135
20250826,NVDA,138.2832,137.8296,168.4888,101031883.0,181.117
20250827,NVDA,138.4631,138.0598,169.227,133817974.0,181.388
20250828,NVDA,138.6196,138.2795,169.948,194140424.0,179.804
20250829,NVDA,138.7523,138.4899,170.522,168648165.0,174.492
20250902,NVDA,138.8799,138.8389,171.0606,159254898.0,169.534
20250903,NVDA,138.9916,139.1165,171.5896,113091881.0,170.646
20250904,NVDA,139.1185,139.4362,172.0648,91189926.0,170.694
20250905,NVDA,139.2198,139.7187,172.319,150200121.0,166.373
20250908,NVDA,139.3514,140.0403,172.5848,113862374.0,169.632
20250909,NVDA,139.5045,140.4009,172.845,104607466.0,168.635
20250910,NVDA,139.6561,140.7921,173.2318,159438639.0,177.561
20250911,NVDA,139.8125,141.1411,173.7092,102856413.0,177.766
20250912,NVDA,139.9683,141.4687,174.1206,83019111.0,177.743
20250915,NVDA,140.1473,141.7881,174.4888,101477932.0,176.612
20250916,NVDA,140.3416,142.0635,174.8216,94343994.0,175.601
20250917,NVDA,140.5084,142.3134,175.0274,151543431.0,170.338
20250918,NVDA,140.7129,142.6141,175.2946,126921999.0,175.666
20250919,NVDA,140.905,142.8899,175.546,118095177.0,176.415
20250922,NVDA,141.1299,143.1883,175.9198,197216082.0,180.898
20250923,NVDA,141.3208,143.4485,176.207,128361609.0,179.449
20250924,NVDA,141.4799,143.7001,176.3324,94352184.0,177.459
20250925,NVDA,141.6431,143.9507,176.4588,140055690.0,177.324
20250926,NVDA,141.8218,144.2424,176.5626,100999495.0,176.931
20250929,NVDA,142.037,144.5862,176.7514,128200320.0,182.406
20250930,NVDA,142.2945,144.9859,177.0554,161197286.0,185.496
20251001,NVDA,142.5342,145.3589,177.4596,114492907.0,186.587
20251002,NVDA,142.7919,145.8172,177.8218,93500472.0,189.399
20251003,NVDA,143.0588,146.2352,178.0994,91754931.0,188.187
20251006,NVDA,143.3265,146.7117,178.3402,102131274.0,185.745
20251007,NVDA,143.5998,147.1721,178.506,98920731.0,186.389
20251008,NVDA,143.9008,147.6508,178.778,88479599.0,188.394
20251009,NVDA,144.2102,148.1975,179.044,122524426.0,193.296
20251010,NVDA,144.4525,148.6673,179.1498,169048057.0,189.606
20251013,NVDA,144.6958,149.2095,179.4418,95578226.0,188.263
20251014,NVDA,144.8948,149.6847,179.4424,131491122.0,181.842
20251015,NVDA,145.0943,150.1119,179.4738,134868508.0,180.8
20251016,NVDA,145.3183,150.5535,179.5216,120853480.0,181.675
20251017,NVDA,145.547,150.9638,179.5706,114570923.0,182.267
20251020,NVDA,145.7887,151.3845,179.5694,88847536.0,183.423
20251021,NVDA,146.0029,151.8227,179.5514,81908216.0,181.36
20251022,NVDA,146.182,152.2411,179.4938,106525984.0,179.706
20251023,NVDA,146.3457,152.6653,179.5052,73470267.0,181.812
20251024,NVDA,146.5762,153.1224,179.59,88649206.0,185.53
20251027,NVDA,146.8332,153.5896,179.8108,99573785.0,190.7
20251028,NVDA,147.1587,154.1252,180.1912,207724866.0,197.318
20251029,NVDA,147.5278,154.7471,180.8192,198868153.0,208.375
20251030,NVDA,147.8834,155.3568,181.369,107934092.0,203.172
20251031,NVDA,148.2147,155.9756,181.9192,103271902.0,204.631
20251103,NVDA,148.5813,156.6323,182.497,118299033.0,208.54
20251104,NVDA,148.8861,157.2225,182.8746,110730870.0,200.89
20251105,NVDA,149.1581,157.7878,183.1434,105901422.0,199.904
20251106,NVDA,149.3631,158.363,183.273,144224736.0,190.413
20251107,NVDA,149.5677,158.9886,183.4326,160132262.0,183.451
20251110,NVDA,149.8499,159.6647,183.93,126548092.0,196.486
20251111,NVDA,150.2236,160.3104,184.3776,113237504.0,193.289
20251112,NVDA,150.5477,160.8402,184.8412,104242597.0,192.633
20251113,NVDA,150.8635,161.3688,185.1452,133567912.0,186.591
20251114,NVDA,151.191,161.8971,185.6082,120176133.0,188.101
20251117,NVDA,151.5237,162.403,185.974,107199129.0,186.575
20251118,NVDA,151.8472,162.8641,186.186,136246102.0,182.463
20251119,NVDA,152.1866,163.4109,186.3698,130329686.0,185.67
20251120,NVDA,152.4656,163.9386,186.4392,225890276.0,187.514
20251121,NVDA,152.7166,164.4851,186.4604,210534781.0,179.329
20251124,NVDA,152.9801,165.0428,186.5564,140259175.0,180.827
20251125,NVDA,153.2014,165.5435,186.6152,199058501.0,173.947
20251126,NVDA,153.4387,166.0357,186.8146,116902266.0,180.571
20251128,NVDA,153.668,166.4757,186.8298,75086908.0,177.563
20251201,NVDA,153.8912,166.9503,186.8948,115008005.0,178.8
20251202,NVDA,154.1042,167.4332,186.8518,123352984.0,182.621
20251203,NVDA,154.3051,167.9043,186.875,98365984.0,180.458
20251204,NVDA,154.5259,168.3828,187.0032,109661897.0,182.494
20251205,NVDA,154.7374,168.8355,187.0976,90932385.0,182.166
20251208,NVDA,154.993,169.3137,187.2448,133096548.0,184.688
20251209,NVDA,155.2664,169.7899,187.3072,91485328.0,184.653
20251210,NVDA,155.5522,170.2347,187.2512,103538521.0,183.48
20251211,NVDA,155.8005,170.6585,187.125,116998132.0,178.828
20251212,NVDA,156.0748,171.0476,186.8476,127891155.0,177.643
20251215,NVDA,156.3316,171.4029,186.621,102832206.0,177.018
20251216,NVDA,156.65,171.7215,186.4646,93856692.0,176.686
20251217,NVDA,156.9247,171.9588,186.1826,139254438.0,172.216
20251218,NVDA,157.2089,172.2209,185.8832,107674548.0,174.473
20251219,NVDA,157.561,172.5248,185.6516,146888117.0,179.434
20251222,NVDA,157.916,172.8456,185.6622,80881896.0,183.326
20251223,NVDA,158.3271,173.2111,185.68,118995936.0,187.105
20251224,NVDA,158.7264,173.5899,185.8516,46128496.0,187.88
20251226,NVDA,159.1003,173.9745,186.0656,101515865.0,191.426
20251229,NVDA,159.4635,174.3541,186.1938,77956975.0,187.289
20251230,NVDA,159.7929,174.701,186.2802,66200007.0,187.802
20251231,NVDA,160.1277,175.0456,186.3574,78845601.0,188.471
20260102,NVDA,160.4949,175.3767,186.5112,102846699.0,190.019
20260105,NVDA,160.8478,175.7299,186.668,124920351.0,188.82
20260106,NVDA,161.1914,176.0623,186.7696,119679273.0,189.243
20260107,NVDA,161.5485,176.3816,186.8266,99550247.0,189.576
20260108,NVDA,161.8666,176.6691,186.6976,113511873.0,185.355
20260109,NVDA,162.1875,176.9682,186.3742,88096346.0,185.142
20260112,NVDA,162.5434,177.2563,185.9322,85761776.0,185.582
20260113,NVDA,162.9152,177.5442,185.5906,109038239.0,185.166
20260114,NVDA,163.2826,177.8054,185.2036,104601926.0,182.064
20260115,NVDA,163.676,178.1002,184.807,133204354.0,188.107
20260116,NVDA,164.0563,178.3751,184.5578,104412103.0,188.257
20260120,NVDA,164.3946,178.6157,184.215,140877265.0,179.886
20260121,NVDA,164.8022,178.8733,184.1198,136597236.0,181.838
20260122,NVDA,165.2549,179.1447,184.0536,96195010.0,184.863
20260123,NVDA,165.705,179.426,183.826,95094074.0,187.779
20260126,NVDA,166.1558,179.7101,183.6922,81612352.0,187.034
20260127,NVDA,166.5268,180.0058,183.5866,100335322.0,188.921
20260128,NVDA,166.9466,180.2966,183.6798,104978893.0,191.464
20260129,NVDA,167.3544,180.5513,183.7266,117912137.0,189.693
20260130,NVDA,167.7565,180.792,183.8172,105827902.0,191.915
20260202,NVDA,168.1236,180.9777,183.9022,104318749.0,188.017
20260203,NVDA,168.5028,181.1267,183.7786,131728753.0,180.052
20260204,NVDA,168.8663,181.266,183.6496,127688968.0,175.266
20260205,NVDA,169.2412,181.3635,183.5096,115537858.0,173.697
20260206,NVDA,169.6738,181.5373,183.5668,152159206.0,182.96
20260209,NVDA,170.1104,181.7493,183.8112,126111491.0,190.916
20260210,NVDA,170.521,181.9396,183.9768,86950649.0,189.498
20260211,NVDA,170.9162,182.1207,184.2378,95567063.0,191.3
20260212,NVDA,171.3072,182.273,184.3782,121391012.0,189.686
20260213,NVDA,171.6762,182.3923,184.4052,105379444.0,183.674
20260217,NVDA,172.0565,182.5316,184.5128,108375723.0,183.51
20260218,NVDA,172.4383,182.6468,184.6048,110954724.0,188.682
20260219,NVDA,172.8053,182.757,184.7146,83955203.0,186.978
20260220,NVDA,173.1853,182.8691,184.8,119047603.0,188.808
20260223,NVDA,173.5753,182.9967,184.9316,114461011.0,191.323
20260224,NVDA,173.9543,183.1399,185.113,110781468.0,191.972
20260225,NVDA,174.3453,183.3301,185.4056,134825554.0,196.325
20260226,NVDA,174.6865,183.4241,185.603,243177350.0,187.059
20260227,NVDA,174.9574,183.4471,185.621,181601461.0,179.721
20260302,NVDA,175.2201,183.507,185.7162,127494778.0,181.311
20260303,NVDA,175.4437,183.529,185.8984,114329812.0,179.379
20260304,NVDA,175.6847,183.5792,186.0764,116995641.0,182.739
20260305,NVDA,175.9245,183.6063,186.1234,135133499.0,181.421
20260306,NVDA,176.1357,183.606,186.006,121670510.0,180.43
20260309,NVDA,176.3771,183.6655,185.8748,110121899.0,179.439
20260310,NVDA,176.6419,183.6973,185.798,124876827.0,184.647
20260311,NVDA,176.9079,183.7491,185.708,93283651.0,185.902
20260312,NVDA,177.1671,183.7739,185.6064,104022514.0,183.361
20260313,NVDA,177.3909,183.7705,185.4606,113442268.0,182.191
20260316,NVDA,177.6329,183.7739,185.395,150973617.0,184.277
20260317,NVDA,177.8467,183.7731,185.2566,122335176.0,182.803
20260318,NVDA,178.073,183.7547,185.1022,109888905.0,182.067
20260319,NVDA,178.2789,183.7345,184.9286,116897777.0,178.097
20260320,NVDA,178.4363,183.6723,184.6004,131274096.0,175.261
20260323,NVDA,178.6049,183.6403,184.4124,117916138.0,176.624
20260324,NVDA,178.781,183.5949,184.2192,96034586.0,175.128
20260325,NVDA,178.9658,183.6151,184.094,112550430.0,179.271
20260326,NVDA,179.1088,183.5874,183.8026,120670987.0,173.633
20260327,NVDA,179.2266,183.5377,183.4902,126307755.0,168.575
20260330,NVDA,179.3383,183.4522,183.0526,119558651.0,166.557
20260331,NVDA,179.4853,183.4161,182.816,144006450.0,171.748
20260401,NVDA,179.6542,183.376,182.7696,104099230.0,176.155
20260402,NVDA,179.8177,183.3479,182.651,95797741.0,175.467
20260406,NVDA,179.9853,183.3311,182.507,75593561.0,176.897
20260407,NVDA,180.1484,183.3572,182.3156,89794170.0,175.636
20260408,NVDA,180.3396,183.4325,182.2278,97673078.0,182.156
20260409,NVDA,180.5383,183.5211,182.1356,78044536.0,182.836
20260410,NVDA,180.7419,183.6343,182.0778,112710939.0,188.115
20260413,NVDA,180.9169,183.7829,182.0138,88831757.0,188.158
20260414,NVDA,181.1244,183.9709,182.1214,106410725.0,194.005
20260415,NVDA,181.3299,184.1583,182.3866,128328449.0,198.3
20260416,NVDA,181.5317,184.2984,182.7468,90098713.0,198.075
20260417,NVDA,181.7737,184.4618,183.2966,100828420.0,200.689
20260420,NVDA,181.9977,184.6234,183.9002,77971940.0,199.846
20260421,NVDA,182.2004,184.7709,184.1896,75546653.0,200.782
20260422,NVDA,182.4217,184.9551,184.4388,71379720.0,201.206
20260423,NVDA,182.6199,185.1507,184.6608,78867514.0,200.947
20260424,NVDA,182.8469,185.3643,185.0252,147814393.0,207.307
20260427,NVDA,183.1094,185.6305,185.6186,131423258.0,212.578
20260428,NVDA,183.3506,185.8276,186.2258,121649542.0,211.398
20260429,NVDA,183.5765,186.0331,186.7114,82716418.0,209.983
20260430,NVDA,183.7209,186.1837,186.9432,142764032.0,201.68
20260501,NVDA,183.8563,186.3221,187.1542,84420827.0,199.567
20260504,NVDA,183.9837,186.4574,187.3274,85512062.0,197.82
20260505,NVDA,184.1042,186.5551,187.4264,73121749.0,197.698
20260506,NVDA,184.2864,186.6967,187.726,116635187.0,204.966
20260507,NVDA,184.5087,186.8585,188.0448,110973180.0,211.719
20260508,NVDA,184.7309,187.0339,188.651,88003874.0,215.719
20260511,NVDA,184.9594,187.246,189.496,105723561.0,219.688
20260512,NVDA,185.1958,187.4809,190.262,105743628.0,219.196
20260513,NVDA,185.4412,187.7529,191.1776,96709058.0,225.843
20260514,NVDA,185.7423,188.0637,192.2316,120563309.0,234.101
20260515,NVDA,185.9726,188.2821,193.0712,99197667.0,227.597
20260518,NVDA,186.1948,188.5431,193.9612,93473984.0,222.693
20260519,NVDA,186.4292,188.7584,194.7204,82382513.0,221.327
20260520,NVDA,186.6466,189.048,195.4944,94104915.0,223.642
20260521,NVDA,186.8528,189.3125,196.164,129071428.0,220.974
20260522,NVDA,187.0324,189.536,196.8078,102479807.0,216.971
20260526,NVDA,187.2029,189.7469,197.5,100962957.0,214.675
20260527,NVDA,187.3524,189.9467,198.0876,93711056.0,211.265
20260528,NVDA,187.5133,190.1673,198.734,82024762.0,213.338
20260529,NVDA,187.6532,190.373,199.3488,107286463.0,215.293
20260601,NVDA,187.8671,190.6543,200.2648,123676983.0,221.367
20260602,NVDA,188.071,190.8981,201.2672,116090903.0,226.065
20260603,NVDA,188.2426,191.0531,202.0494,94646540.0,216.523
20260604,NVDA,188.4258,191.1707,202.9186,100421017.0,216.748
20260605,NVDA,188.5731,191.1577,203.447,128022763.0,208.603
20260608,NVDA,188.7393,191.1961,204.195,72846504.0,208.382
20260609,NVDA,188.9053,191.2341,205.0084,108540617.0,205.214
20260610,NVDA,189.0175,191.191,205.7134,93132708.0,203.336
20260611,NVDA,189.1428,191.2322,206.3228,88219459.0,202.496
20260612,NVDA,189.2599,191.2987,206.9116,67257914.0,205.106
20260615,NVDA,189.4142,191.4612,207.6128,77851058.0,211.005
20260616,NVDA,189.5504,191.5896,208.2082,65803013.0,209.151
20260617,NVDA,189.7027,191.6269,208.7392,69495177.0,206.577
20260618,NVDA,189.9022,191.7438,209.3114,241220000.0,210.455
