datetime,ma200,ma150,ma50
202607010800,199.4429,199.44,199.409
202607010801,199.4357,199.4324,199.3864
202607010802,199.4282,199.4239,199.3612
202607010803,199.4211,199.4159,199.3386
202607010804,199.4138,199.4075,199.3148
202607010805,199.4065,199.3991,199.2916
202607010806,199.3987,199.3898,199.2643
202607010807,199.3918,199.3817,199.2409
202607010808,199.3847,199.3734,199.2167
202607010809,199.3778,199.3651,199.1901
202607010810,199.3708,199.3563,199.1637
202607010811,199.3642,199.3483,199.138
202607010812,199.3578,199.3406,199.1135
202607010813,199.3515,199.3331,199.0892
202607010814,199.345,199.3259,199.0652
202607010815,199.3388,199.3192,199.0416
202607010816,199.333,199.3124,199.018
202607010817,199.3269,199.3055,198.9926
202607010818,199.3198,199.2983,198.9672
202607010819,199.3129,199.2913,198.942
202607010820,199.3046,199.2831,198.9136
202607010821,199.2969,199.2751,198.8856
202607010822,199.2889,199.2666,198.8572
202607010823,199.2803,199.2576,198.827
202607010824,199.2726,199.2491,198.7984
202607010825,199.2657,199.2406,198.7696
202607010826,199.259,199.2318,198.741
202607010827,199.2526,199.2234,198.7138
202607010828,199.2459,199.2146,198.6864
202607010829,199.2396,199.2061,198.6618
202607010830,199.2341,199.1974,198.6374
202607010831,199.2282,199.1886,198.6116
202607010832,199.2227,199.1789,198.5844
202607010833,199.2167,199.1689,198.5556
202607010834,199.211,199.1596,198.5288
202607010835,199.2056,199.15,198.5034
202607010836,199.2003,199.1402,198.4785
202607010837,199.1942,199.1294,198.4515
202607010838,199.1881,199.1177,198.4241
202607010839,199.182,199.1062,198.397
202607010840,199.1751,199.096,198.3695
202607010841,199.1689,199.0861,198.343
202607010842,199.1634,199.0769,198.3196
202607010843,199.1581,199.068,198.2976
202607010844,199.1528,199.0593,198.2742
202607010845,199.1474,199.0508,198.2513
202607010846,199.1423,199.0423,198.2285
202607010847,199.1369,199.0335,198.2077
202607010848,199.1319,199.0246,198.1873
202607010849,199.1268,199.0157,198.1639
202607010850,199.1219,199.0072,198.1675
202607010851,199.1172,198.9994,198.1717
202607010852,199.1128,198.9917,198.1797
202607010853,199.109,198.9845,198.1884
202607010854,199.1048,198.977,198.1968
202607010855,199.1004,198.9691,198.204
202607010856,199.0958,198.9611,198.2138
202607010857,199.0912,198.9527,198.2196
202607010858,199.0866,198.9446,198.2262
202607010859,199.0823,198.9369,198.234
202607010900,199.0777,198.9294,198.2417
202607010901,199.0733,198.922,198.2485
202607010902,199.0693,198.915,198.2555
202607010903,199.0655,198.9084,198.2627
202607010904,199.0616,198.9018,198.2685
202607010905,199.0572,198.8949,198.2712
202607010906,199.0529,198.8885,198.2744
202607010907,199.0487,198.8812,198.2784
202607010908,199.0445,198.8741,198.2828
202607010909,199.0403,198.8668,198.2874
202607010910,199.0356,198.8583,198.2934
202607010911,199.0312,198.8509,198.2995
202607010912,199.0267,198.8438,198.3073
202607010913,199.0225,198.8376,198.3175
202607010914,199.0177,198.8303,198.3236
202607010915,199.0132,198.8248,198.3312
202607010916,199.0089,198.82,198.3404
202607010917,199.0045,198.8149,198.3475
202607010918,198.9999,198.8102,198.3561
202607010919,198.995,198.8052,198.3619
202607010920,198.9895,198.8,198.3657
202607010921,198.9842,198.7946,198.3709
202607010922,198.9788,198.7892,198.3783
202607010923,198.9732,198.7834,198.386
202607010924,198.9679,198.778,198.3926
202607010925,198.9613,198.7712,198.395
202607010926,198.9546,198.7645,198.3978
202607010927,198.9481,198.7575,198.4042
202607010928,198.9412,198.7517,198.4116
202607010929,198.9345,198.7458,198.4194
202607010930,198.9289,198.7405,198.4276
202607010931,198.9232,198.735,198.4346
202607010932,198.9173,198.7293,198.4387
202607010933,198.9114,198.7184,198.4418
202607010934,198.9057,198.7129,198.445
202607010935,198.9001,198.7074,198.4481
202607010936,198.8944,198.7014,198.4507
202607010937,198.8883,198.6959,198.4527
202607010938,198.8822,198.6903,198.4548
202607010939,198.8761,198.6844,198.4576
202607010940,198.8707,198.6793,198.4614
202607010941,198.8656,198.674,198.464
202607010942,198.8601,198.6688,198.4654
202607010943,198.8548,198.6643,198.4659
202607010944,198.8498,198.6599,198.4681
202607010945,198.8447,198.6558,198.4716
202607010946,198.8395,198.6509,198.4746
202607010947,198.8342,198.6464,198.4786
202607010948,198.829,198.6418,198.4824
202607010949,198.8239,198.6364,198.4851
202607010950,198.8187,198.6307,198.4866
202607010951,198.8135,198.6248,198.488
202607010952,198.8078,198.6185,198.4864
202607010953,198.8034,198.6133,198.4882
202607010954,198.7986,198.6076,198.4892
202607010955,198.7944,198.602,198.493
202607010956,198.7905,198.5963,198.4964
202607010957,198.7859,198.5904,198.5
202607010958,198.7814,198.5845,198.5034
202607010959,198.7771,198.5792,198.508
202607011000,198.7728,198.5744,198.5162
202607011001,198.7687,198.5691,198.5222
202607011002,198.7648,198.564,198.5277
202607011003,198.7613,198.5589,198.5323
202607011004,198.758,198.5543,198.541
202607011005,198.7555,198.5494,198.5474
202607011006,198.7528,198.5441,198.551
202607011007,198.75,198.5389,198.5553
202607011008,198.7476,198.534,198.5596
202607011009,198.7451,198.5295,198.5648
202607011010,198.7423,198.524,198.569
202607011011,198.7394,198.5188,198.5739
202607011012,198.7365,198.5138,198.5787
202607011013,198.7336,198.5086,198.5841
202607011014,198.7305,198.5032,198.5883
202607011015,198.7275,198.4982,198.5963
202607011016,198.725,198.4943,198.6067
202607011017,198.7222,198.4906,198.6161
202607011018,198.7196,198.4863,198.6233
202607011019,198.7167,198.482,198.6295
202607011020,198.7148,198.4783,198.6377
202607011021,198.7129,198.4748,198.6467
202607011022,198.7111,198.4716,198.6564
202607011023,198.7056,198.4688,198.6672
202607011024,198.7039,198.4653,198.6768
202607011025,198.7021,198.4618,198.6861
202607011026,198.7001,198.4584,198.6961
202607011027,198.6989,198.4561,198.7079
202607011028,198.6975,198.4538,198.7193
202607011029,198.6953,198.4498,198.7279
202607011030,198.6928,198.454,198.7331
202607011031,198.6899,198.4577,198.7374
202607011032,198.6877,198.4632,198.7446
202607011033,198.6862,198.4687,198.7518
202607011034,198.6848,198.4748,198.7596
202607011035,198.6843,198.4818,198.7698
202607011036,198.6829,198.4891,198.7788
202607011037,198.6816,198.4952,198.7872
202607011038,198.6802,198.5014,198.7954
202607011039,198.6781,198.5075,198.8034
202607011040,198.6766,198.5142,198.8144
202607011041,198.6748,198.5204,198.8245
202607011042,198.6724,198.5254,198.8343
202607011043,198.6693,198.5294,198.8373
202607011044,198.6661,198.533,198.8413
202607011045,198.6627,198.5363,198.8448
202607011046,198.6595,198.54,198.8492
202607011047,198.6561,198.5439,198.8534
202607011048,198.6527,198.5479,198.8574
202607011049,198.6495,198.5519,198.8604
202607011050,198.6465,198.5574,198.8626
202607011051,198.643,198.5622,198.8649
202607011052,198.6401,198.5678,198.8684
202607011053,198.6372,198.5739,198.872
202607011054,198.6343,198.5795,198.874
202607011055,198.6315,198.5854,198.8776
202607011056,198.6288,198.5913,198.8826
202607011057,198.6259,198.5965,198.8868
202607011058,198.6231,198.6019,198.8902
202607011059,198.6203,198.6065,198.8928
202607011100,198.6181,198.6117,198.9004
202607011101,198.6166,198.6183,198.91
202607011102,198.6156,198.626,198.9208
202607011103,198.6149,198.6346,198.9338
202607011104,198.6144,198.643,198.9481
202607011105,198.6144,198.6514,198.9631
202607011106,198.6145,198.6599,198.9751
202607011107,198.6148,198.6693,198.9875
202607011108,198.6147,198.6782,198.9997
202607011109,198.6145,198.687,199.0121
202607011110,198.6143,198.6959,199.0223
202607011111,198.6137,198.7039,199.0305
202607011112,198.6126,198.7103,199.0357
202607011113,198.6107,198.7151,199.0363
202607011114,198.6081,198.7195,199.0367
202607011115,198.6058,198.724,199.0379
202607011116,198.6036,198.7287,199.0393
202607011117,198.6018,198.7331,199.0389
202607011118,198.6,198.7375,199.0385
202607011119,198.5971,198.7415,199.0391
202607011120,198.6005,198.7449,199.0401
202607011121,198.6035,198.7475,199.041
202607011122,198.6074,198.75,199.04
202607011123,198.6112,198.7521,199.0386
202607011124,198.6154,198.7549,199.037
202607011125,198.6197,198.7583,199.0334
202607011126,198.6246,198.7615,199.0311
202607011127,198.6286,198.7649,199.0287
202607011128,198.6329,198.7684,199.0273
202607011129,198.6367,198.7709,199.0241
202607011130,198.641,198.7741,199.0212
202607011131,198.6446,198.7767,199.0174
202607011132,198.6482,198.7791,199.0164
202607011133,198.6517,198.7813,199.0184
202607011134,198.6546,198.7833,199.0194
202607011135,198.6571,198.7858,199.0195
202607011136,198.6588,198.787,199.0153
202607011137,198.6609,198.7884,199.0119
202607011138,198.6631,198.7899,199.0089
202607011139,198.6654,198.7914,199.0058
202607011140,198.6688,198.7939,199.0028
202607011141,198.6717,198.7957,199.0
202607011142,198.6749,198.7974,198.9962
202607011143,198.6786,198.7989,198.9924
202607011144,198.682,198.8014,198.9892
202607011145,198.6857,198.8038,198.9864
202607011146,198.6893,198.8056,198.9832
202607011147,198.6928,198.8079,198.9816
202607011148,198.696,198.8093,198.978
202607011149,198.6989,198.8113,198.9762
202607011150,198.7013,198.8132,198.9702
202607011151,198.7045,198.8157,198.963
202607011152,198.7075,198.8172,198.952
202607011153,198.7108,198.8191,198.9394
202607011154,198.7135,198.8205,198.9251
202607011155,198.7162,198.8232,198.9104
202607011156,198.7187,198.8257,198.8954
202607011157,198.722,198.828,198.8804
202607011158,198.7256,198.8303,198.868
202607011159,198.7291,198.8323,198.8554
202607011200,198.7329,198.8347,198.8441
202607011201,198.7364,198.837,198.8339
202607011202,198.7383,198.8381,198.8223
202607011203,198.7401,198.8395,198.8151
202607011204,198.742,198.8411,198.8097
202607011205,198.7441,198.8428,198.8045
202607011206,198.7463,198.8449,198.7993
202607011207,198.7479,198.8464,198.7923
202607011208,198.7499,198.8483,198.787
202607011209,198.7528,198.8511,198.7864
202607011210,198.7555,198.8535,198.7874
202607011211,198.7577,198.8556,198.7884
202607011212,198.7595,198.8576,198.7881
202607011213,198.7612,198.8596,198.7885
202607011214,198.7631,198.8615,198.7879
202607011215,198.7655,198.8635,198.7873
202607011216,198.7682,198.866,198.7881
202607011217,198.7712,198.8687,198.7902
202607011218,198.7736,198.8707,198.7894
202607011219,198.7759,198.8728,198.791
202607011220,198.778,198.8752,198.7899
202607011221,198.7803,198.8777,198.7911
202607011222,198.7819,198.8805,198.7906
202607011223,198.7834,198.8818,198.7896
202607011224,198.7849,198.8835,198.7896
202607011225,198.7867,198.8846,198.7896
202607011226,198.7884,198.8857,198.7926
202607011227,198.7896,198.8862,198.7932
202607011228,198.7911,198.887,198.7946
202607011229,198.7923,198.8871,198.7951
202607011230,198.7934,198.8859,198.7922
202607011231,198.7938,198.8843,198.7879
202607011232,198.7935,198.8821,198.7817
202607011233,198.7945,198.8818,198.7811
202607011234,198.7923,198.8761,198.7651
202607011235,198.7883,198.8686,198.7419
202607011236,198.7836,198.8612,198.7177
202607011237,198.7785,198.8529,198.6903
202607011238,198.7739,198.8453,198.6677
202607011239,198.7676,198.8352,198.6367
202607011240,198.7616,198.8258,198.6067
202607011241,198.7567,198.8176,198.5799
202607011242,198.7487,198.8053,198.5431
202607011243,198.7413,198.7937,198.5079
202607011244,198.7326,198.7807,198.4689
202607011245,198.725,198.7679,198.4303
202607011246,198.7177,198.7547,198.3937
202607011247,198.7086,198.7394,198.3503
202607011248,198.7015,198.7275,198.3149
202607011249,198.6918,198.7125,198.2701
202607011250,198.6834,198.6986,198.2295
202607011251,198.6741,198.6832,198.1853
202607011252,198.6642,198.6667,198.1422
202607011253,198.6529,198.6481,198.093
202607011254,198.637,198.6237,198.0246
202607011255,198.6195,198.5973,197.9494
202607011256,198.6037,198.5729,197.8802
202607011257,198.5894,198.5499,197.8186
202607011258,198.5763,198.5287,197.7605
202607011259,198.562,198.5066,197.6944
202607011300,198.5483,198.4867,197.6326
202607011301,198.5353,198.4679,197.5744
202607011302,198.5224,198.4484,197.517
202607011303,198.5093,198.4285,197.4584
202607011304,198.4953,198.4072,197.3968
202607011305,198.4813,198.3851,197.3345
202607011306,198.4662,198.362,197.2668
202607011307,198.4525,198.3409,197.2039
202607011308,198.4379,198.3187,197.1395
202607011309,198.424,198.2975,197.0775
202607011310,198.4094,198.2744,197.012
202607011311,198.3943,198.2508,196.944
202607011312,198.3787,198.2268,196.8733
202607011313,198.3627,198.2045,196.8055
202607011314,198.3463,198.1812,196.7347
202607011315,198.3294,198.1576,196.6638
202607011316,198.3139,198.1355,196.5986
202607011317,198.3004,198.1161,196.5432
202607011318,198.2866,198.0964,196.4856
202607011319,198.2724,198.0764,196.4284
202607011320,198.2584,198.057,196.3759
202607011321,198.2442,198.0373,196.3241
202607011322,198.2301,198.0174,196.2742
202607011323,198.2149,197.9958,196.214
202607011324,198.2002,197.9756,196.1724
202607011325,198.1852,197.9544,196.1349
202607011326,198.1715,197.9344,196.1023
202607011327,198.1584,197.9156,196.0749
202607011328,198.1426,197.8934,196.0344
202607011329,198.1293,197.8749,196.0116
202607011330,198.1086,197.8447,195.9572
202607011331,198.0875,197.8134,195.8972
202607011332,198.0638,197.7782,195.8394
202607011333,198.0385,197.7401,195.773
202607011334,198.0134,197.7019,195.7116
202607011335,197.9887,197.6639,195.6509
202607011336,197.9655,197.629,195.5979
202607011337,197.9413,197.5925,195.5468
202607011338,197.918,197.5575,195.4895
202607011339,197.8956,197.5235,195.4449
202607011340,197.8729,197.4898,195.3957
202607011341,197.8499,197.4564,195.3499
202607011342,197.8287,197.4263,195.3144
202607011343,197.8067,197.3968,195.2822
202607011344,197.7842,197.3667,195.2656
202607011345,197.762,197.3367,195.2562
202607011346,197.7426,197.3104,195.2516
202607011347,197.7242,197.286,195.247
202607011348,197.7059,197.2617,195.2376
202607011349,197.6855,197.2343,195.222
202607011350,197.6666,197.2088,195.2063
202607011351,197.6486,197.1844,195.1904
202607011352,197.6302,197.1603,195.1758
202607011353,197.6109,197.135,195.158
202607011354,197.5903,197.1081,195.1397
202607011355,197.5687,197.0805,195.1196
202607011356,197.5474,197.0528,195.1036
202607011357,197.5264,197.0256,195.0828
202607011358,197.5069,197.0002,195.0716
202607011359,197.4891,196.9774,195.0637
202607011400,197.4717,196.9552,195.0638
202607011401,197.4538,196.9326,195.0626
202607011402,197.4352,196.9082,195.0606
202607011403,197.4176,196.884,195.0568
202607011404,197.4001,196.8604,195.0568
202607011405,197.3835,196.8382,195.0611
202607011406,197.3671,196.8178,195.0621
202607011407,197.3504,196.7966,195.0533
202607011408,197.3343,196.776,195.0479
202607011409,197.319,196.7567,195.0467
202607011410,197.3045,196.7384,195.0472
202607011411,197.2917,196.7223,195.0548
202607011412,197.2785,196.7059,195.0617
202607011413,197.2658,196.6903,195.0757
202607011414,197.2521,196.6731,195.0818
202607011415,197.237,196.6539,195.0848
202607011416,197.2205,196.6329,195.0787
202607011417,197.2059,196.6141,195.077
202607011418,197.1909,196.5953,195.0836
202607011419,197.1768,196.577,195.0825
202607011420,197.1604,196.5572,195.1076
202607011421,197.1449,196.5388,195.1392
202607011422,197.1295,196.5219,195.1832
202607011423,197.1126,196.5036,195.2299
202607011424,197.0961,196.4864,195.2786
202607011425,197.0795,196.4692,195.3265
202607011426,197.0644,196.454,195.3705
202607011427,197.0491,196.4386,195.4188
202607011428,197.0337,196.4222,195.4623
202607011429,197.0178,196.4053,195.5009
202607011430,197.0025,196.3886,195.5407
202607011431,196.9849,196.3685,195.5704
202607011432,196.9678,196.3497,195.5924
202607011433,196.9513,196.3301,195.6149
202607011434,196.9353,196.3105,195.6413
202607011435,196.9181,196.2893,195.6623
202607011436,196.9013,196.2686,195.6739
202607011437,196.8847,196.2488,195.6806
202607011438,196.8678,196.228,195.6859
202607011439,196.8515,196.2065,195.703
202607011440,196.8347,196.1838,195.7126
202607011441,196.8172,196.1601,195.7154
202607011442,196.7997,196.1369,195.7177
202607011443,196.7827,196.114,195.7256
202607011444,196.7646,196.0902,195.7341
202607011445,196.7436,196.0623,195.7328
202607011446,196.7227,196.0342,195.7322
202607011447,196.7022,196.0062,195.732
202607011448,196.6818,195.9792,195.7266
202607011449,196.6642,195.9553,195.7248
202607011450,196.6474,195.9332,195.7239
202607011451,196.6325,195.913,195.7323
202607011452,196.6172,195.8927,195.7442
202607011453,196.6024,195.8733,195.7577
202607011454,196.5874,195.8534,195.7687
202607011455,196.5722,195.833,195.7742
202607011456,196.5578,195.8128,195.7778
202607011457,196.5418,195.7914,195.7777
202607011458,196.5259,195.7697,195.7755
202607011459,196.5108,195.7493,195.7729
202607011500,196.4962,195.7308,195.7694
202607011501,196.4826,195.7142,195.7636
202607011502,196.469,195.6981,195.7584
202607011503,196.4558,195.6808,195.7526
202607011504,196.443,195.669,195.7529
202607011505,196.4292,195.6584,195.7554
202607011506,196.4156,195.6482,195.7636
202607011507,196.4014,195.6384,195.7633
202607011508,196.3868,195.6265,195.7614
202607011509,196.3725,195.6178,195.7591
202607011510,196.3583,195.6088,195.7615
202607011511,196.3438,195.5985,195.7589
202607011512,196.3305,195.593,195.7562
202607011513,196.3177,195.5876,195.76
202607011514,196.3051,195.5839,195.7614
202607011515,196.2935,195.5813,195.7664
202607011516,196.2819,195.578,195.7655
202607011517,196.2704,195.577,195.7655
202607011518,196.258,195.5724,195.7653
202607011519,196.2462,195.5715,195.7687
202607011520,196.2359,195.5713,195.7775
202607011521,196.224,195.5702,195.7904
202607011522,196.2135,195.5706,195.805
202607011523,196.203,195.573,195.8219
202607011524,196.1926,195.582,195.8389
202607011525,196.1825,195.5936,195.8621
202607011526,196.1717,195.6022,195.8811
202607011527,196.1617,195.6094,195.9006
202607011528,196.1517,195.6155,195.9228
202607011529,196.1417,195.6242,195.9474
202607011530,196.1322,195.632,195.9771
202607011531,196.1235,195.6399,196.0138
202607011532,196.1146,195.6471,196.0477
202607011533,196.1057,195.6548,196.0807
202607011534,196.0965,195.663,196.1152
202607011535,196.0867,195.6707,196.1598
202607011536,196.0767,195.68,196.2042
202607011537,196.0655,195.686,196.2431
202607011538,196.0549,195.6933,196.2817
202607011539,196.044,195.6994,196.3098
202607011540,196.0339,195.7078,196.3358
202607011541,196.0244,195.7179,196.3588
202607011542,196.0158,195.73,196.3853
202607011543,196.0066,195.7404,196.4066
202607011544,195.9976,195.7518,196.43
202607011545,195.9889,195.7639,196.4564
202607011546,195.9802,195.774,196.4822
202607011547,195.9719,195.7815,196.5136
202607011548,195.9633,195.7892,196.5443
202607011549,195.9539,195.7958,196.5677
202607011550,195.9453,195.8018,196.5887
202607011551,195.9366,195.8075,196.6041
202607011552,195.9289,195.8138,196.6213
202607011553,195.9204,195.8225,196.6393
202607011554,195.9138,195.8277,196.6483
202607011555,195.9087,195.8333,196.6597
202607011556,195.9042,195.8382,196.6724
202607011557,195.9015,195.8438,196.691
202607011558,195.8986,195.8533,196.7148
202607011559,195.8979,195.86,196.7383
202607011600,195.8974,195.8775,196.7634
202607011601,195.8952,195.8946,196.7856
202607011602,195.8963,195.9153,196.8064
202607011603,195.8972,195.9386,196.826
202607011604,195.8981,195.9602,196.8407
202607011605,195.8975,195.9797,196.8462
202607011606,195.8974,195.9972,196.8555
202607011607,195.8988,196.0161,196.864
202607011608,195.8986,196.0349,196.8772
202607011609,195.9003,196.0521,196.8866
202607011610,195.9006,196.0689,196.8885
202607011611,195.902,196.086,196.8971
202607011612,195.904,196.1006,196.9043
202607011613,195.9068,196.115,196.908
202607011614,195.9142,196.1304,196.9108
202607011615,195.9228,196.145,196.9106
202607011616,195.93,196.1561,196.9133
202607011617,195.9361,196.1658,196.9161
202607011618,195.9411,196.1756,196.9181
202607011619,195.9474,196.1893,196.9173
202607011620,195.9523,196.201,196.9134
202607011621,195.9574,196.2131,196.9102
202607011622,195.9629,196.2253,196.9105
202607011623,195.9687,196.239,196.9106
202607011624,195.9756,196.2542,196.9132
202607011625,195.9822,196.2697,196.9165
202607011626,195.9907,196.2864,196.9227
202607011627,195.9971,196.3019,196.9304
202607011628,196.0043,196.3153,196.9374
202607011629,196.0104,196.326,196.9432
202607011630,196.0181,196.3362,196.9487
202607011631,196.0262,196.3474,196.9509
202607011632,196.036,196.3611,196.9538
202607011633,196.0455,196.3751,196.961
202607011634,196.0561,196.3892,196.9687
202607011635,196.0664,196.4015,196.9739
202607011636,196.0757,196.4136,196.9807
202607011637,196.0828,196.4259,196.9864
202607011638,196.0898,196.437,196.9913
202607011639,196.0958,196.4455,196.9959
202607011640,196.1018,196.4533,197.0017
202607011641,196.1079,196.4589,197.0089
202607011642,196.1143,196.4651,197.0156
202607011643,196.1212,196.4697,197.0172
202607011644,196.1276,196.4762,197.0274
202607011645,196.1336,196.4832,197.0344
202607011646,196.1394,196.493,197.0429
202607011647,196.1464,196.5029,197.0543
202607011648,196.1565,196.5141,197.0662
202607011649,196.1633,196.5236,197.0733
202607011650,196.1781,196.5349,197.0798
202607011651,196.193,196.5442,197.0882
202607011652,196.2094,196.5515,197.0919
202607011653,196.2272,196.5596,197.0929
202607011654,196.2451,196.5673,197.0997
202607011655,196.2611,196.5726,197.1052
202607011656,196.2751,196.5767,197.109
202607011657,196.2909,196.5817,197.1155
202607011658,196.306,196.5873,197.1193
202607011659,196.3204,196.5936,197.1255
202607011700,196.3358,196.6009,197.1367
202607011701,196.3513,196.6116,197.1472
202607011702,196.3649,196.6224,197.1578
202607011703,196.3779,196.6322,197.1666
202607011704,196.3917,196.6418,197.1756
202607011705,196.4043,196.6516,197.1822
202607011706,196.4139,196.6606,197.1873
202607011707,196.4235,196.6712,197.1968
202607011708,196.4332,196.6823,197.2061
202607011709,196.4456,196.6931,197.2147
202607011710,196.4565,196.7045,197.2231
202607011711,196.4681,196.719,197.2331
202607011712,196.4803,196.7345,197.2452
202607011713,196.4937,196.7497,197.2578
202607011714,196.5079,196.7658,197.269
202607011715,196.5228,196.7861,197.282
202607011716,196.5375,196.806,197.291
202607011717,196.5516,196.8248,197.3008
202607011718,196.5653,196.8448,197.3154
202607011719,196.5779,196.8622,197.3336
202607011720,196.5898,196.8784,197.3506
202607011721,196.602,196.8919,197.366
202607011722,196.6163,196.907,197.3819
202607011723,196.6306,196.9216,197.3971
202607011724,196.6449,196.937,197.4123
202607011725,196.6593,196.9543,197.4327
202607011726,196.673,196.9714,197.4512
202607011727,196.6865,196.9894,197.4682
202607011728,196.6994,197.0074,197.4865
202607011729,196.7115,197.0244,197.5096
202607011730,196.7232,197.0412,197.5331
202607011731,196.7334,197.0566,197.5569
202607011732,196.7427,197.0709,197.5756
202607011733,196.7512,197.0841,197.5957
202607011734,196.7614,197.0976,197.6171
202607011735,196.7728,197.1119,197.6415
202607011736,196.7858,197.1265,197.6641
202607011737,196.7977,197.1425,197.6823
202607011738,196.8103,197.16,197.6989
202607011739,196.8235,197.1783,197.7234
202607011740,196.8384,197.1974,197.749
202607011741,196.852,197.2164,197.7754
202607011742,196.8649,197.2344,197.805
202607011743,196.8788,197.2518,197.8364
202607011744,196.892,197.2689,197.8662
202607011745,196.9051,197.2846,197.9024
202607011746,196.9167,197.3004,197.9368
202607011747,196.928,197.3155,197.9669
202607011748,196.94,197.3315,197.9981
202607011749,196.952,197.3464,198.0271
202607011750,196.9648,197.3605,198.0563
202607011751,196.9794,197.3758,198.083
202607011752,196.9934,197.3895,198.1065
202607011753,197.0086,197.4041,198.1378
202607011754,197.023,197.4177,198.1667
202607011755,197.0377,197.4295,198.1958
202607011756,197.0532,197.4439,198.2312
202607011757,197.0686,197.4579,198.2609
202607011758,197.0841,197.4712,198.2895
202607011759,197.0989,197.4828,198.3163
202607011800,197.1142,197.4932,198.3432
202607011801,197.1318,197.5044,198.37
202607011802,197.1487,197.5157,198.3914
202607011803,197.165,197.5265,198.411
202607011804,197.1825,197.5382,198.4325
202607011805,197.202,197.5494,198.4498
202607011806,197.2203,197.559,198.4632
202607011807,197.2369,197.5682,198.4734
202607011808,197.2544,197.5786,198.483
202607011809,197.2691,197.5888,198.4897
202607011810,197.2826,197.5982,198.4953
202607011811,197.2932,197.6047,198.4973
202607011812,197.3037,197.6099,198.4939
202607011813,197.3139,197.6164,198.4911
202607011814,197.3242,197.6223,198.486
202607011815,197.3345,197.6273,198.4752
202607011816,197.3444,197.6318,198.4636
202607011817,197.3567,197.6378,198.4588
202607011818,197.3689,197.6438,198.4535
202607011819,197.3809,197.652,198.4504
202607011820,197.3915,197.6591,198.4424
202607011821,197.4013,197.6671,198.4353
202607011822,197.4112,197.6745,198.4321
202607011823,197.4208,197.6813,198.431
202607011824,197.4304,197.6911,198.4287
202607011825,197.441,197.7014,198.4282
202607011826,197.4516,197.7114,198.4271
202607011827,197.4625,197.7197,198.4225
202607011828,197.4738,197.7268,198.4151
202607011829,197.4847,197.7335,198.4037
202607011830,197.4957,197.7398,198.3904
202607011831,197.5077,197.7484,198.3816
202607011832,197.5195,197.7572,198.3746
202607011833,197.5306,197.7655,198.3671
202607011834,197.5419,197.7756,198.3608
202607011835,197.5518,197.787,198.3534
202607011836,197.5619,197.7974,198.3463
202607011837,197.5715,197.8074,198.3397
202607011838,197.5817,197.8166,198.3322
202607011839,197.5922,197.8274,198.3294
202607011840,197.6001,197.8373,198.3188
202607011841,197.609,197.8463,198.3087
202607011842,197.6176,197.8554,198.302
202607011843,197.6259,197.8652,198.2913
202607011844,197.6346,197.8758,198.2852
202607011845,197.6422,197.8861,198.2802
202607011846,197.6494,197.8948,198.266
202607011847,197.6563,197.903,198.2514
202607011848,197.6628,197.911,198.2374
202607011849,197.6692,197.9199,198.2287
202607011850,197.6747,197.9285,198.2191
202607011851,197.6799,197.9364,198.2062
202607011852,197.685,197.9431,198.1928
202607011853,197.6894,197.9491,198.1784
202607011854,197.6946,197.9551,198.1639
202607011855,197.6996,197.9606,198.1501
202607011856,197.7053,197.9661,198.1443
202607011857,197.7125,197.9732,198.1455
202607011858,197.7197,197.9805,198.1431
202607011859,197.7277,197.9892,198.1444
202607011900,197.7356,197.9979,198.1478
202607011901,197.7428,198.0068,198.1572
202607011902,197.7512,198.017,198.1754
202607011903,197.7604,198.0268,198.1924
202607011904,197.7707,198.038,198.2156
202607011905,197.783,198.0527,198.2502
202607011906,197.7967,198.0686,198.2911
202607011907,197.8096,198.084,198.3249
202607011908,197.8231,198.1003,198.361
202607011909,197.8371,198.1175,198.3926
202607011910,197.8512,198.1343,198.4274
202607011911,197.8656,198.1511,198.4611
202607011912,197.8782,198.1657,198.4892
202607011913,197.8902,198.1811,198.5166
202607011914,197.903,198.1948,198.5385
202607011915,197.9163,198.2102,198.5608
202607011916,197.9291,198.2245,198.5822
202607011917,197.941,198.2366,198.6048
202607011918,197.9523,198.2476,198.6288
202607011919,197.9643,198.2612,198.6565
202607011920,197.9753,198.2737,198.6817
202607011921,197.9857,198.2849,198.6975
202607011922,197.9964,198.2979,198.714
202607011923,198.0066,198.3112,198.73
202607011924,198.0189,198.3253,198.7489
202607011925,198.0314,198.3401,198.7643
202607011926,198.0426,198.3537,198.778
202607011927,198.0546,198.3676,198.796
202607011928,198.0666,198.3824,198.8167
202607011929,198.0789,198.3967,198.8336
202607011930,198.0928,198.4115,198.8594
202607011931,198.1059,198.4255,198.8849
202607011932,198.119,198.4394,198.9099
202607011933,198.133,198.4551,198.9364
202607011934,198.1466,198.4703,198.9591
202607011935,198.1591,198.4847,198.9782
202607011936,198.1705,198.4982,198.9976
202607011937,198.1813,198.5094,199.0161
202607011938,198.1905,198.5186,199.029
202607011939,198.2001,198.5285,199.0407
202607011940,198.2085,198.537,199.0487
202607011941,198.2159,198.5435,199.0543
202607011942,198.2227,198.5486,199.0615
202607011943,198.2288,198.5525,199.0681
202607011944,198.2343,198.5561,199.0719
202607011945,198.2404,198.5599,199.0799
202607011946,198.2459,198.5642,199.0853
202607011947,198.252,198.5691,199.0885
202607011948,198.2582,198.5725,199.0914
202607011949,198.265,198.5755,199.0926
202607011950,198.2717,198.5788,199.0933
202607011951,198.2766,198.5802,199.086
202607011952,198.2805,198.58,199.0708
202607011953,198.2835,198.579,199.0536
202607011954,198.2856,198.5767,199.0285
202607011955,198.2864,198.571,198.9876
202607011956,198.2883,198.5674,198.9475
202607011957,198.2886,198.5621,198.9026
202607011958,198.2908,198.559,198.8624
202607011959,198.2935,198.5548,198.8214
202607012000,198.2955,198.5497,198.7792
202607012001,198.2957,198.542,198.7296
202607012002,198.2966,198.5369,198.6893
202607012003,198.2977,198.5317,198.6473
202607012004,198.2974,198.5242,198.6052
202607012005,198.2979,198.5166,198.5608
202607012006,198.2976,198.5087,198.5168
202607012007,198.2957,198.5002,198.4732
202607012008,198.2934,198.4915,198.4306
202607012009,198.2912,198.4804,198.381
202607012010,198.2894,198.4695,198.3362
202607012011,198.2882,198.4591,198.298
202607012012,198.2876,198.4484,198.2565
202607012013,198.2874,198.4378,198.2161
202607012014,198.2872,198.4275,198.1727
202607012015,198.2881,198.4167,198.1323
202607012016,198.2885,198.4057,198.0927
202607012017,198.2879,198.3948,198.0487
202607012018,198.2901,198.3874,198.0133
202607012019,198.289,198.3763,197.9659
202607012020,198.2871,198.364,197.9137
202607012021,198.2852,198.3526,197.8642
202607012022,198.2844,198.3437,197.8192
202607012023,198.2841,198.3329,197.7711
202607012024,198.2837,198.3228,197.7241
202607012025,198.2848,198.3145,197.6851
202607012026,198.2859,198.3041,197.6489
202607012027,198.2857,198.2939,197.6144
202607012028,198.2847,198.2831,197.5829
202607012029,198.2837,198.2728,197.5491
202607012030,198.2836,198.2638,197.5236
202607012031,198.2822,198.2529,197.4983
202607012032,198.2797,198.2425,197.4731
202607012033,198.2776,198.2331,197.4529
202607012034,198.2756,198.2233,197.4341
202607012035,198.2729,198.2139,197.4119
202607012036,198.2698,198.2054,197.3867
202607012037,198.2675,198.1989,197.3627
202607012038,198.2635,198.1903,197.3366
202607012039,198.2595,198.1827,197.3113
202607012040,198.2556,198.1757,197.2861
202607012041,198.2526,198.171,197.2698
202607012042,198.2487,198.1669,197.2546
202607012043,198.2443,198.162,197.24
202607012044,198.2395,198.1573,197.2279
202607012045,198.2338,198.1534,197.2224
202607012046,198.2283,198.1499,197.211
202607012047,198.2233,198.1448,197.2069
202607012048,198.2182,198.1398,197.196
202607012049,198.213,198.1339,197.1876
202607012050,198.1821,198.0954,197.0795
202607012051,198.1766,198.0903,197.0803
202607012052,198.1717,198.0849,197.0763
202607012053,198.1674,198.0795,197.0745
202607012054,198.1621,198.0733,197.0761
202607012055,198.1571,198.0667,197.0786
202607012056,198.1518,198.0601,197.0811
202607012057,198.1457,198.0534,197.0821
202607012058,198.1395,198.0476,197.0834
202607012059,198.1322,198.0417,197.0876
202607012100,198.1246,198.036,197.09
202607012101,198.1169,198.0286,197.0903
202607012102,198.1094,198.021,197.0923
202607012103,198.1018,198.0134,197.094
202607012104,198.0943,198.0055,197.0948
202607012105,198.0868,197.9979,197.097
202607012106,198.0795,197.9905,197.1008
202607012107,198.0726,197.9835,197.1058
202607012108,198.0658,197.977,197.1011
202607012109,198.0598,197.97,197.1105
202607012110,198.0523,197.9634,197.1173
202607012111,198.0455,197.9578,197.1243
202607012112,198.0399,197.9526,197.1287
202607012113,198.0333,197.9473,197.1345
202607012114,198.0271,197.941,197.14
202607012115,198.0219,197.9358,197.1442
202607012116,198.0152,197.9316,197.1484
202607012117,198.0084,197.9274,197.1518
202607012118,198.0016,197.923,197.1572
202607012119,197.9953,197.9175,197.1628
202607012120,197.9894,197.9129,197.1663
202607012121,197.9823,197.9076,197.1703
202607012122,197.9757,197.9033,197.1753
202607012123,197.9692,197.8995,197.1775
202607012124,197.9623,197.8951,197.1793
202607012125,197.9558,197.891,197.1813
202607012126,197.9511,197.8867,197.1881
202607012127,197.9477,197.8818,197.1943
202607012128,197.9433,197.8768,197.2023
202607012129,197.9393,197.871,197.209
202607012130,197.9357,197.865,197.2157
202607012131,197.9334,197.8588,197.2207
202607012132,197.9316,197.8503,197.2255
202607012133,197.9291,197.8413,197.2304
202607012134,197.9271,197.8309,197.2363
202607012135,197.9256,197.8174,197.2423
202607012136,197.9244,197.8022,197.2482
202607012137,197.9223,197.7881,197.2548
202607012138,197.92,197.773,197.2608
202607012139,197.9173,197.7588,197.2676
202607012140,197.9159,197.7454,197.3775
202607012141,197.9137,197.7312,197.3837
202607012142,197.9123,197.72,197.3945
202607012143,197.9102,197.7081,197.4025
202607012144,197.9076,197.6972,197.4104
202607012145,197.9047,197.686,197.4185
202607012146,197.9018,197.675,197.427
202607012147,197.8989,197.6636,197.4356
202607012148,197.8968,197.6528,197.4443
202607012149,197.8953,197.6415,197.456
202607012150,197.8936,197.6309,197.4666
202607012151,197.891,197.6221,197.4781
202607012152,197.8878,197.6124,197.4885
202607012153,197.8848,197.603,197.4989
202607012154,197.8812,197.592,197.5085
202607012155,197.8782,197.5829,197.5193
202607012156,197.8747,197.5736,197.5273
202607012301,197.8718,197.5637,197.5365
202607012302,197.8693,197.5535,197.546
202607012303,197.8658,197.5432,197.5533
